[
  {
    "id": "62823465-1538-4822-bdbb-b6f4397b2dde",
    "data": [
      {
        "text": "i don\u0027t have any",
        "userDefined": false
      }
    ],
    "isTemplate": false,
    "count": 0,
    "lang": "en",
    "updated": 0
  },
  {
    "id": "8e071729-a4df-4828-bca8-5e2a53ae5534",
    "data": [
      {
        "text": "Nah",
        "userDefined": false
      }
    ],
    "isTemplate": false,
    "count": 0,
    "lang": "en",
    "updated": 0
  },
  {
    "id": "7479231d-82fc-4804-9c8e-fed9736bf00e",
    "data": [
      {
        "text": "No",
        "userDefined": false
      }
    ],
    "isTemplate": false,
    "count": 0,
    "lang": "en",
    "updated": 0
  }
]