[
  {
    "id": "73c8c1e7-0bfe-4ebc-919b-b88847c77afa",
    "data": [
      {
        "text": "i have more enquries",
        "userDefined": false
      }
    ],
    "isTemplate": false,
    "count": 0,
    "lang": "en",
    "updated": 0
  },
  {
    "id": "286be7a8-0e69-4570-a29a-e91840509c70",
    "data": [
      {
        "text": "yes i have",
        "userDefined": false
      }
    ],
    "isTemplate": false,
    "count": 0,
    "lang": "en",
    "updated": 0
  },
  {
    "id": "47226d2c-c563-4e19-80f3-bf7c314c5d81",
    "data": [
      {
        "text": "yes",
        "userDefined": false
      }
    ],
    "isTemplate": false,
    "count": 0,
    "lang": "en",
    "updated": 0
  }
]