[
  {
    "value": "Characteristics",
    "synonyms": [
      "Characteristics"
    ]
  },
  {
    "value": "Illegal",
    "synonyms": [
      "Illegal"
    ]
  },
  {
    "value": "Dumping",
    "synonyms": [
      "Dumping"
    ]
  },
  {
    "value": "Traits",
    "synonyms": [
      "Traits"
    ]
  },
  {
    "value": "Hallmarks",
    "synonyms": [
      "Hallmarks"
    ]
  },
  {
    "value": "Signs",
    "synonyms": [
      "Signs"
    ]
  },
  {
    "value": "Illegal Dumping",
    "synonyms": [
      "Illegal Dumping"
    ]
  }
]