[
  {
    "value": "LOR",
    "synonyms": [
      "LOR"
    ]
  },
  {
    "value": "Reminder",
    "synonyms": [
      "Reminder"
    ]
  },
  {
    "value": "Letter",
    "synonyms": [
      "Letter"
    ]
  },
  {
    "value": "Compoundable",
    "synonyms": [
      "Compoundable"
    ]
  },
  {
    "value": "C14",
    "synonyms": [
      "C14"
    ]
  },
  {
    "value": "Court",
    "synonyms": [
      "Court"
    ]
  },
  {
    "value": "Attendance",
    "synonyms": [
      "Attendance"
    ]
  }
]