{
  "Access" : {
    "Password" : "Password123",
    "Username" : "Admin"
  },
  "Customer_Rating" : {
    "-DummyData" : {
      "A_Name" : "Amir",
      "B_Comment" : "no comment",
      "C_Rating" : 5
    }
  },
  "Questions" : {
    "Qn1" : {
      "Name" : "What are the different modes for fine payment?",
      "Q_Count" : 0,
      "Response1" : "•\tAXS Stations, E-Station, M-Station |  •\tAll Post Officers (over the counter) |  •\tSAM Kiosks, Mobile App, Web |  •\tCSC Counter (Last Resort)"
    },
    "Qn10" : {
      "Name" : "What should I advise the caller if he received an LOR pertaining to a compoundable fine for Court 26N?",
      "Q_Count" : 0,
      "Response1" : "•\tAdvise the customer to make fine payment |  •\tFailure to make fine payment may result to issuance of Warrant of Arrest "
    },
    "Qn11" : {
      "Name" : "Do I need to check with LD if caller has made payment for his compoundable C14 fine?",
      "Q_Count" : 0,
      "Response1" : "•\tCourt attendance will not be required "
    },
    "Qn12" : {
      "Name" : "What should I advise the caller if he received an LOA pertaining to a non-compoundable fine for Court 26N?",
      "Q_Count" : 0,
      "Response1" : "Advise the following to the offender: | •\tPay the compoundable amount ONLY at CSC Counter and no need to execute Warrant of Arrest. |  •\tTo keep the receipt as the case may take 2-3 months to close"
    },
    "Qn13" : {
      "Name" : "What would the offender need to bring when executing a WOA?",
      "Q_Count" : 0,
      "Response1" : "•\t1 person (Singapore Citizen/Permanent Resident) above 21 years old to stand as a bailor pending court trail"
    },
    "Qn14" : {
      "Name" : "How should I be handling feedback on a non-urgent SFA-related issue?",
      "Q_Count" : 0,
      "Response1" : "•\tCC to log and route the case via OneService (please check the reminder above)"
    },
    "Qn15" : {
      "Name" : "How can I prevent my cases being rejected by SFA? ",
      "Q_Count" : 0,
      "Response1" : "In Case Description, CC to ensure the following keywords are used to prevent case rejection from SFA: | •\tFood hygiene | •\tFood preparation | •\tFood safety management"
    },
    "Qn16" : {
      "Name" : "What issues will fall under SFA’s purview?",
      "Q_Count" : 0,
      "Response1" : "•\tFood Hygiene | •\tFood Safety | •\tFood Preparation | •\tIllegal Hawking | •\tFood Shop/Food Stall Licenses | •\tAny other food related issues"
    },
    "Qn2" : {
      "Name" : "What is the advice I should give to customers asking how they can submit an appeal against their NEA fine? ",
      "Q_Count" : 0,
      "Response1" : "When we receive calls from MOP requesting for an appeal form, CC will inform MOP to download the form from our NEA website. MOP will have to complete the form and send it in to us via O.F.F or post. All appeals will take 14 working days to process."
    },
    "Qn3" : {
      "Name" : "What would you advise a customer who missed his court date?",
      "Q_Count" : 0,
      "Response1" : "Compoundable 26N: | •\tScenario 1: If the offender called in after the cut off payment. Advise offender to attend court at 6pm |  •\tScenario 2: Offender missed to attend court. Advise offender to walk in to Crime Registry in State Courts to enquire |  •\tScenario 3: Offender forgot to attend court but intended on attending court. Advise offender to walk in to Crime Registry in State Courts to enquire |  Compoundable C14 and Other Courts: | •\tScenario 1: If the offender called in after the cut off payment. Advise offender to attend court at 9:30am |  •\tScenario 2: Offender missed to attend court. Advise offender that Warrant of Arrest will be issued anytime |"
    },
    "Qn4" : {
      "Name" : "Would the offender be required to attend court if he has made payment for his fine?",
      "Q_Count" : 0,
      "Response1" : "Compoundable 26N: | •\tNo need to attend court |  Compoundable C14 and Other Courts: | •\tIf Warrant of Arrest has not been issued, court attendance is not required. |  •\tIf Warrant of Arrest has been issued, CCO to check with LD if Court attendance is required. |"
    },
    "Qn5" : {
      "Name" : "What information would I require from FP when handling feedback on illegal dumping?",
      "Q_Count" : 0,
      "Response1" : "•\tDate and time of occurrence/ sighting |  •\tFeedback giver’s particulars (name, contact details) |  •\tLocation of incident (address, nearest landmark) |  •\tType of waste (wood waste, renovation waste, construction debris etc) |  •\tEstimated amount of waste (how many 660L bulk bins?) |  •\tVehicle number and description of vehicles involved in the dumping |  •\tDid the feedback giver witness the dumping in action? |  •\tIs the dumping still in progress at the time of feedback?"
    },
    "Qn6" : {
      "Name" : "What are the differences between illegal dumping and bulky waste?",
      "Q_Count" : 0,
      "Response1" : "Illegal Dumping | •\tLoose waste disposed from vehicle where volume more than 2 x 660L bulk bins or ½ lorry load |  •\tUsually dumped at remote areas or outskirts of city/island |  •\tRequires vehicle to transport waste to dump site |  Bulky Waste | •\tLarge items normally found in homes/trade premises e.g. furniture, electrical appliances, fixtures etc |  •\tUsually placed along pavement/side table of residential areas or trade premises |  •\tItem retaining most of assembled/end-product appearance "
    },
    "Qn7" : {
      "Name" : "Which team will front feedback on bulky waste?",
      "Q_Count" : 0,
      "Response1" : "•\tEPHO-RO-Sanitation Team"
    },
    "Qn8" : {
      "Name" : "Which team will front feedback on illegal dumping?",
      "Q_Count" : 0,
      "Response1" : "https://lh3.googleusercontent.com/pw/AM-JKLXNW2Zs8Cxzw7h5uAro7DPemvWv1PqTA5Pc1S-I709SxEMxx_oTzgkpf4HT0gLBJdDSeJjgBJvbvfTC1ryWtvYHiAMu0gW4jphCHKTVeONxWmRmI655-UzpvspNMXUgC2-smfBotMAhc1DRh22ULG0=w1088-h450-no?authuser=2",
      "Response2" : "https://lh3.googleusercontent.com/pw/AM-JKLWP-gYd8XK0ws9o9Zp90ienOCamf3AYm8EfJQXEyg7Mfol_27_-L864Wjs17B1Gg5C5mQcbE2pldrM_Wxy4mbCLLeOuygJzzB8-_4VqilPokekl9CXPhgp9Dt_5qQ1p_rm3VsTUcf663lL3yt5McqI=w804-h705-no?authuser=2",
      "Response3" : "https://lh3.googleusercontent.com/pw/AM-JKLUocebKPjl08r4MJE1Lcsc-AhB77C4vy345TSB3BxCavoIXn69A9r_89FkG4dkrV9FXOGGb7v5msu87mEehTenIVZ80hItZ5Nu0KfQLUaHa-qXN-mAlsEWMmB2m_t2pmnZ4QT2IBIzVi5It-zt2pyQ=w578-h661-no?authuser=2",
      "Response4" : "https://lh3.googleusercontent.com/pw/AM-JKLVHXxG_ICNCu1br_Ew1ZLd6g956bxML2M4-HfOBJoimcH8HcjCjazHgJe4RvDP6OZK0aXjZ3dh9Mm-lmRweKWK2xDsWyppgHprFQna-JeVihT9wX0pxjVqL38oC8neHSyUPVpVLZIT7V5mzAfcuwnY=w575-h478-no?authuser=2",
      "Response5" : "https://lh3.googleusercontent.com/pw/AM-JKLXGNc3VG9oEe5hlUTUcf7A6RwNMDa_60WVZ6FfPGLqKvEpdJkkYAQARc2-AflW-5DjXnc9UhLBoejKHwRoIIBtmvv7h4C99pK3ufDlOLLNBRmmSs8Gsm6z_Ek1Ureg3ETJ7J5hoY0a6tBca6bMtQmw=w581-h356-no?authuser=2"
    },
    "Qn9" : {
      "Name" : "What are the characteristics of illegal dumping?",
      "Q_Count" : 0,
      "Response1" : "Illegal dumping occurs when large scale of waste is dumped from (presumably) a vehicle at a public place, where, |  •\tA public place is where the members of public have free access to the place. A construction site is not considered a public place. |  •\tIllegal dumping does not normally occur in urbanised areas/residential areas/populated areas/high traffic areas/immediate vicinities of trade, factory and industrial premises. |  •\tLarge scale equate to volume of more than 2 x 660L bulk bins. "
    }
  },
  "Topics" : {
    "Fine Payment" : {
      "Count" : 0,
      "ID" : 1
    },
    "Illegal Dumping" : {
      "Count" : 0,
      "ID" : 2
    },
    "Process for LOA" : {
      "Count" : 0,
      "ID" : 4
    },
    "Process for LOR" : {
      "Count" : 00,
      "ID" : 3
    },
    "Work Instructions for SFA" : {
      "Count" : 0,
      "ID" : 5
    }
  }
}
